{
    "name": "Player",
    "options": [{
        "title": "Configuration",
        "type": "section"
    }, {
        "title": "Switch time",
        "ui_width": 3,
        "name": "switch_time",
        "type": "select",
        "doc_link": true,
        "options": [
            [0, "Instantly"],
            [0.2, "Short"],
            [0.4, "Medium (default)"],
            [0.8, "Long"]
        ],
        "default": 0.0
    }, {
        "title": "Display rotation",
        "ui_width": 3,
        "name": "rotation",
        "type": "select",
        "hint": "Rotate content clockwise?",
        "doc_link": true,
        "options": [
            [0, "None"],
            [90, "90°"],
            [180, "180°"],
            [270, "270°"]
        ],
        "default": 0
    }, {
        "title": "Progress indicator",
        "ui_width": 3,
        "name": "progress",
        "type": "select",
        "hint": "Shows how long the current playlist item is displayed",
        "doc_link": true,
        "options": [
            ["no", "Disabled"],
            ["bar_thin_white", "Bar (thin, white)"],
            ["bar_thick_white", "Bar (thick, white)"],
            ["bar_thin_black", "Bar (thin, black)"],
            ["bar_thick_black", "Bar (thick, black)"],
            ["circle", "Circle"],
            ["countdown", "Countdown"]
        ],
        "default": "no"
    }, {
        "title": "Time Zone",
        "ui_width": 3,
        "name": "timezone",
        "type": "select",
        "hint": "Select the timezone used for scheduling",
        "options": [
            ["UTC", "UTC"],
            ["Europe/Berlin", "Europa / Berlin"],
            ["Europe/London", "Europe/London"],
            ["Europe/Paris", "Europe/Paris"],
            ["US/Central", "US/Central"],
            ["US/Eastern", "US/Eastern"],
            ["US/Michigan", "US/Michigan"],
            ["US/Mountain", "US/Mountain"],
            ["US/Pacific", "US/Pacific"],

            ["", "-------------"],

            ["Africa/Abidjan", "Africa/Abidjan"],
            ["Africa/Accra", "Africa/Accra"],
            ["Africa/Addis_Ababa", "Africa/Addis_Ababa"],
            ["Africa/Algiers", "Africa/Algiers"],
            ["Africa/Asmara", "Africa/Asmara"],
            ["Africa/Asmera", "Africa/Asmera"],
            ["Africa/Bamako", "Africa/Bamako"],
            ["Africa/Bangui", "Africa/Bangui"],
            ["Africa/Banjul", "Africa/Banjul"],
            ["Africa/Bissau", "Africa/Bissau"],
            ["Africa/Blantyre", "Africa/Blantyre"],
            ["Africa/Brazzaville", "Africa/Brazzaville"],
            ["Africa/Bujumbura", "Africa/Bujumbura"],
            ["Africa/Cairo", "Africa/Cairo"],
            ["Africa/Casablanca", "Africa/Casablanca"],
            ["Africa/Ceuta", "Africa/Ceuta"],
            ["Africa/Conakry", "Africa/Conakry"],
            ["Africa/Dakar", "Africa/Dakar"],
            ["Africa/Dar_es_Salaam", "Africa/Dar_es_Salaam"],
            ["Africa/Djibouti", "Africa/Djibouti"],
            ["Africa/Douala", "Africa/Douala"],
            ["Africa/El_Aaiun", "Africa/El_Aaiun"],
            ["Africa/Freetown", "Africa/Freetown"],
            ["Africa/Gaborone", "Africa/Gaborone"],
            ["Africa/Harare", "Africa/Harare"],
            ["Africa/Johannesburg", "Africa/Johannesburg"],
            ["Africa/Juba", "Africa/Juba"],
            ["Africa/Kampala", "Africa/Kampala"],
            ["Africa/Khartoum", "Africa/Khartoum"],
            ["Africa/Kigali", "Africa/Kigali"],
            ["Africa/Kinshasa", "Africa/Kinshasa"],
            ["Africa/Lagos", "Africa/Lagos"],
            ["Africa/Libreville", "Africa/Libreville"],
            ["Africa/Lome", "Africa/Lome"],
            ["Africa/Luanda", "Africa/Luanda"],
            ["Africa/Lubumbashi", "Africa/Lubumbashi"],
            ["Africa/Lusaka", "Africa/Lusaka"],
            ["Africa/Malabo", "Africa/Malabo"],
            ["Africa/Maputo", "Africa/Maputo"],
            ["Africa/Maseru", "Africa/Maseru"],
            ["Africa/Mbabane", "Africa/Mbabane"],
            ["Africa/Mogadishu", "Africa/Mogadishu"],
            ["Africa/Monrovia", "Africa/Monrovia"],
            ["Africa/Nairobi", "Africa/Nairobi"],
            ["Africa/Ndjamena", "Africa/Ndjamena"],
            ["Africa/Niamey", "Africa/Niamey"],
            ["Africa/Nouakchott", "Africa/Nouakchott"],
            ["Africa/Ouagadougou", "Africa/Ouagadougou"],
            ["Africa/Porto-Novo", "Africa/Porto-Novo"],
            ["Africa/Sao_Tome", "Africa/Sao_Tome"],
            ["Africa/Timbuktu", "Africa/Timbuktu"],
            ["Africa/Tripoli", "Africa/Tripoli"],
            ["Africa/Tunis", "Africa/Tunis"],
            ["Africa/Windhoek", "Africa/Windhoek"],
            ["Asia/Aden", "Asia/Aden"],
            ["Asia/Almaty", "Asia/Almaty"],
            ["Asia/Amman", "Asia/Amman"],
            ["Asia/Anadyr", "Asia/Anadyr"],
            ["Asia/Aqtau", "Asia/Aqtau"],
            ["Asia/Aqtobe", "Asia/Aqtobe"],
            ["Asia/Ashgabat", "Asia/Ashgabat"],
            ["Asia/Ashkhabad", "Asia/Ashkhabad"],
            ["Asia/Baghdad", "Asia/Baghdad"],
            ["Asia/Bahrain", "Asia/Bahrain"],
            ["Asia/Baku", "Asia/Baku"],
            ["Asia/Bangkok", "Asia/Bangkok"],
            ["Asia/Beirut", "Asia/Beirut"],
            ["Asia/Bishkek", "Asia/Bishkek"],
            ["Asia/Brunei", "Asia/Brunei"],
            ["Asia/Calcutta", "Asia/Calcutta"],
            ["Asia/Choibalsan", "Asia/Choibalsan"],
            ["Asia/Chongqing", "Asia/Chongqing"],
            ["Asia/Chungking", "Asia/Chungking"],
            ["Asia/Colombo", "Asia/Colombo"],
            ["Asia/Dacca", "Asia/Dacca"],
            ["Asia/Damascus", "Asia/Damascus"],
            ["Asia/Dhaka", "Asia/Dhaka"],
            ["Asia/Dili", "Asia/Dili"],
            ["Asia/Dubai", "Asia/Dubai"],
            ["Asia/Dushanbe", "Asia/Dushanbe"],
            ["Asia/Gaza", "Asia/Gaza"],
            ["Asia/Harbin", "Asia/Harbin"],
            ["Asia/Hebron", "Asia/Hebron"],
            ["Asia/Ho_Chi_Minh", "Asia/Ho_Chi_Minh"],
            ["Asia/Hong_Kong", "Asia/Hong_Kong"],
            ["Asia/Hovd", "Asia/Hovd"],
            ["Asia/Irkutsk", "Asia/Irkutsk"],
            ["Asia/Istanbul", "Asia/Istanbul"],
            ["Asia/Jakarta", "Asia/Jakarta"],
            ["Asia/Jayapura", "Asia/Jayapura"],
            ["Asia/Jerusalem", "Asia/Jerusalem"],
            ["Asia/Kabul", "Asia/Kabul"],
            ["Asia/Kamchatka", "Asia/Kamchatka"],
            ["Asia/Karachi", "Asia/Karachi"],
            ["Asia/Kashgar", "Asia/Kashgar"],
            ["Asia/Kathmandu", "Asia/Kathmandu"],
            ["Asia/Katmandu", "Asia/Katmandu"],
            ["Asia/Kolkata", "Asia/Kolkata"],
            ["Asia/Krasnoyarsk", "Asia/Krasnoyarsk"],
            ["Asia/Kuala_Lumpur", "Asia/Kuala_Lumpur"],
            ["Asia/Kuching", "Asia/Kuching"],
            ["Asia/Kuwait", "Asia/Kuwait"],
            ["Asia/Macao", "Asia/Macao"],
            ["Asia/Macau", "Asia/Macau"],
            ["Asia/Magadan", "Asia/Magadan"],
            ["Asia/Makassar", "Asia/Makassar"],
            ["Asia/Manila", "Asia/Manila"],
            ["Asia/Muscat", "Asia/Muscat"],
            ["Asia/Nicosia", "Asia/Nicosia"],
            ["Asia/Novokuznetsk", "Asia/Novokuznetsk"],
            ["Asia/Novosibirsk", "Asia/Novosibirsk"],
            ["Asia/Omsk", "Asia/Omsk"],
            ["Asia/Oral", "Asia/Oral"],
            ["Asia/Phnom_Penh", "Asia/Phnom_Penh"],
            ["Asia/Pontianak", "Asia/Pontianak"],
            ["Asia/Pyongyang", "Asia/Pyongyang"],
            ["Asia/Qatar", "Asia/Qatar"],
            ["Asia/Qyzylorda", "Asia/Qyzylorda"],
            ["Asia/Rangoon", "Asia/Rangoon"],
            ["Asia/Riyadh", "Asia/Riyadh"],
            ["Asia/Saigon", "Asia/Saigon"],
            ["Asia/Sakhalin", "Asia/Sakhalin"],
            ["Asia/Samarkand", "Asia/Samarkand"],
            ["Asia/Seoul", "Asia/Seoul"],
            ["Asia/Shanghai", "Asia/Shanghai"],
            ["Asia/Singapore", "Asia/Singapore"],
            ["Asia/Taipei", "Asia/Taipei"],
            ["Asia/Tashkent", "Asia/Tashkent"],
            ["Asia/Tbilisi", "Asia/Tbilisi"],
            ["Asia/Tehran", "Asia/Tehran"],
            ["Asia/Tel_Aviv", "Asia/Tel_Aviv"],
            ["Asia/Thimbu", "Asia/Thimbu"],
            ["Asia/Thimphu", "Asia/Thimphu"],
            ["Asia/Tokyo", "Asia/Tokyo"],
            ["Asia/Ujung_Pandang", "Asia/Ujung_Pandang"],
            ["Asia/Ulaanbaatar", "Asia/Ulaanbaatar"],
            ["Asia/Ulan_Bator", "Asia/Ulan_Bator"],
            ["Asia/Urumqi", "Asia/Urumqi"],
            ["Asia/Vientiane", "Asia/Vientiane"],
            ["Asia/Vladivostok", "Asia/Vladivostok"],
            ["Asia/Yakutsk", "Asia/Yakutsk"],
            ["Asia/Yekaterinburg", "Asia/Yekaterinburg"],
            ["Asia/Yerevan", "Asia/Yerevan"],
            ["Atlantic/Azores", "Atlantic/Azores"],
            ["Atlantic/Bermuda", "Atlantic/Bermuda"],
            ["Atlantic/Canary", "Atlantic/Canary"],
            ["Atlantic/Cape_Verde", "Atlantic/Cape_Verde"],
            ["Atlantic/Faeroe", "Atlantic/Faeroe"],
            ["Atlantic/Faroe", "Atlantic/Faroe"],
            ["Atlantic/Jan_Mayen", "Atlantic/Jan_Mayen"],
            ["Atlantic/Madeira", "Atlantic/Madeira"],
            ["Atlantic/Reykjavik", "Atlantic/Reykjavik"],
            ["Atlantic/South_Georgia", "Atlantic/South_Georgia"],
            ["Atlantic/St_Helena", "Atlantic/St_Helena"],
            ["Atlantic/Stanley", "Atlantic/Stanley"],
            ["Australia/ACT", "Australia/ACT"],
            ["Australia/Adelaide", "Australia/Adelaide"],
            ["Australia/Brisbane", "Australia/Brisbane"],
            ["Australia/Broken_Hill", "Australia/Broken_Hill"],
            ["Australia/Canberra", "Australia/Canberra"],
            ["Australia/Currie", "Australia/Currie"],
            ["Australia/Darwin", "Australia/Darwin"],
            ["Australia/Eucla", "Australia/Eucla"],
            ["Australia/Hobart", "Australia/Hobart"],
            ["Australia/LHI", "Australia/LHI"],
            ["Australia/Lindeman", "Australia/Lindeman"],
            ["Australia/Lord_Howe", "Australia/Lord_Howe"],
            ["Australia/Melbourne", "Australia/Melbourne"],
            ["Australia/NSW", "Australia/NSW"],
            ["Australia/North", "Australia/North"],
            ["Australia/Perth", "Australia/Perth"],
            ["Australia/Queensland", "Australia/Queensland"],
            ["Australia/South", "Australia/South"],
            ["Australia/Sydney", "Australia/Sydney"],
            ["Australia/Tasmania", "Australia/Tasmania"],
            ["Australia/Victoria", "Australia/Victoria"],
            ["Australia/West", "Australia/West"],
            ["Australia/Yancowinna", "Australia/Yancowinna"],
            ["Brazil/Acre", "Brazil/Acre"],
            ["Brazil/DeNoronha", "Brazil/DeNoronha"],
            ["Brazil/East", "Brazil/East"],
            ["Brazil/West", "Brazil/West"],
            ["Canada/Atlantic", "Canada/Atlantic"],
            ["Canada/Central", "Canada/Central"],
            ["Canada/East-Saskatchewan", "Canada/East-Saskatchewan"],
            ["Canada/Eastern", "Canada/Eastern"],
            ["Canada/Mountain", "Canada/Mountain"],
            ["Canada/Newfoundland", "Canada/Newfoundland"],
            ["Canada/Pacific", "Canada/Pacific"],
            ["Canada/Saskatchewan", "Canada/Saskatchewan"],
            ["Canada/Yukon", "Canada/Yukon"],
            ["Chile/Continental", "Chile/Continental"],
            ["Chile/EasterIsland", "Chile/EasterIsland"],
            ["Cuba", "Cuba"],
            ["Egypt", "Egypt"],
            ["Eire", "Eire"],
            ["Europe/Amsterdam", "Europe/Amsterdam"],
            ["Europe/Andorra", "Europe/Andorra"],
            ["Europe/Athens", "Europe/Athens"],
            ["Europe/Belfast", "Europe/Belfast"],
            ["Europe/Belgrade", "Europe/Belgrade"],
            ["Europe/Bratislava", "Europe/Bratislava"],
            ["Europe/Brussels", "Europe/Brussels"],
            ["Europe/Bucharest", "Europe/Bucharest"],
            ["Europe/Budapest", "Europe/Budapest"],
            ["Europe/Chisinau", "Europe/Chisinau"],
            ["Europe/Copenhagen", "Europe/Copenhagen"],
            ["Europe/Dublin", "Europe/Dublin"],
            ["Europe/Gibraltar", "Europe/Gibraltar"],
            ["Europe/Guernsey", "Europe/Guernsey"],
            ["Europe/Helsinki", "Europe/Helsinki"],
            ["Europe/Isle_of_Man", "Europe/Isle_of_Man"],
            ["Europe/Istanbul", "Europe/Istanbul"],
            ["Europe/Jersey", "Europe/Jersey"],
            ["Europe/Kaliningrad", "Europe/Kaliningrad"],
            ["Europe/Kiev", "Europe/Kiev"],
            ["Europe/Lisbon", "Europe/Lisbon"],
            ["Europe/Ljubljana", "Europe/Ljubljana"],
            ["Europe/Luxembourg", "Europe/Luxembourg"],
            ["Europe/Madrid", "Europe/Madrid"],
            ["Europe/Malta", "Europe/Malta"],
            ["Europe/Mariehamn", "Europe/Mariehamn"],
            ["Europe/Minsk", "Europe/Minsk"],
            ["Europe/Monaco", "Europe/Monaco"],
            ["Europe/Moscow", "Europe/Moscow"],
            ["Europe/Nicosia", "Europe/Nicosia"],
            ["Europe/Oslo", "Europe/Oslo"],
            ["Europe/Podgorica", "Europe/Podgorica"],
            ["Europe/Prague", "Europe/Prague"],
            ["Europe/Riga", "Europe/Riga"],
            ["Europe/Rome", "Europe/Rome"],
            ["Europe/Samara", "Europe/Samara"],
            ["Europe/San_Marino", "Europe/San_Marino"],
            ["Europe/Sarajevo", "Europe/Sarajevo"],
            ["Europe/Simferopol", "Europe/Simferopol"],
            ["Europe/Skopje", "Europe/Skopje"],
            ["Europe/Sofia", "Europe/Sofia"],
            ["Europe/Stockholm", "Europe/Stockholm"],
            ["Europe/Tallinn", "Europe/Tallinn"],
            ["Europe/Tirane", "Europe/Tirane"],
            ["Europe/Tiraspol", "Europe/Tiraspol"],
            ["Europe/Uzhgorod", "Europe/Uzhgorod"],
            ["Europe/Vaduz", "Europe/Vaduz"],
            ["Europe/Vatican", "Europe/Vatican"],
            ["Europe/Vienna", "Europe/Vienna"],
            ["Europe/Vilnius", "Europe/Vilnius"],
            ["Europe/Volgograd", "Europe/Volgograd"],
            ["Europe/Warsaw", "Europe/Warsaw"],
            ["Europe/Zagreb", "Europe/Zagreb"],
            ["Europe/Zaporozhye", "Europe/Zaporozhye"],
            ["Europe/Zurich", "Europe/Zurich"],
            ["Hongkong", "Hongkong"],
            ["Iceland", "Iceland"],
            ["Indian/Antananarivo", "Indian/Antananarivo"],
            ["Indian/Chagos", "Indian/Chagos"],
            ["Indian/Christmas", "Indian/Christmas"],
            ["Indian/Cocos", "Indian/Cocos"],
            ["Indian/Comoro", "Indian/Comoro"],
            ["Indian/Kerguelen", "Indian/Kerguelen"],
            ["Indian/Mahe", "Indian/Mahe"],
            ["Indian/Maldives", "Indian/Maldives"],
            ["Indian/Mauritius", "Indian/Mauritius"],
            ["Indian/Mayotte", "Indian/Mayotte"],
            ["Indian/Reunion", "Indian/Reunion"],
            ["Israel", "Israel"],
            ["Jamaica", "Jamaica"],
            ["Japan", "Japan"],
            ["Mexico/BajaNorte", "Mexico/BajaNorte"],
            ["Mexico/BajaSur", "Mexico/BajaSur"],
            ["Mexico/General", "Mexico/General"],
            ["Pacific/Apia", "Pacific/Apia"],
            ["Pacific/Auckland", "Pacific/Auckland"],
            ["Pacific/Chatham", "Pacific/Chatham"],
            ["Pacific/Chuuk", "Pacific/Chuuk"],
            ["Pacific/Easter", "Pacific/Easter"],
            ["Pacific/Efate", "Pacific/Efate"],
            ["Pacific/Enderbury", "Pacific/Enderbury"],
            ["Pacific/Fakaofo", "Pacific/Fakaofo"],
            ["Pacific/Fiji", "Pacific/Fiji"],
            ["Pacific/Funafuti", "Pacific/Funafuti"],
            ["Pacific/Galapagos", "Pacific/Galapagos"],
            ["Pacific/Gambier", "Pacific/Gambier"],
            ["Pacific/Guadalcanal", "Pacific/Guadalcanal"],
            ["Pacific/Guam", "Pacific/Guam"],
            ["Pacific/Honolulu", "Pacific/Honolulu"],
            ["Pacific/Johnston", "Pacific/Johnston"],
            ["Pacific/Kiritimati", "Pacific/Kiritimati"],
            ["Pacific/Kosrae", "Pacific/Kosrae"],
            ["Pacific/Kwajalein", "Pacific/Kwajalein"],
            ["Pacific/Majuro", "Pacific/Majuro"],
            ["Pacific/Marquesas", "Pacific/Marquesas"],
            ["Pacific/Midway", "Pacific/Midway"],
            ["Pacific/Nauru", "Pacific/Nauru"],
            ["Pacific/Niue", "Pacific/Niue"],
            ["Pacific/Norfolk", "Pacific/Norfolk"],
            ["Pacific/Noumea", "Pacific/Noumea"],
            ["Pacific/Pago_Pago", "Pacific/Pago_Pago"],
            ["Pacific/Palau", "Pacific/Palau"],
            ["Pacific/Pitcairn", "Pacific/Pitcairn"],
            ["Pacific/Pohnpei", "Pacific/Pohnpei"],
            ["Pacific/Ponape", "Pacific/Ponape"],
            ["Pacific/Port_Moresby", "Pacific/Port_Moresby"],
            ["Pacific/Rarotonga", "Pacific/Rarotonga"],
            ["Pacific/Saipan", "Pacific/Saipan"],
            ["Pacific/Samoa", "Pacific/Samoa"],
            ["Pacific/Tahiti", "Pacific/Tahiti"],
            ["Pacific/Tarawa", "Pacific/Tarawa"],
            ["Pacific/Tongatapu", "Pacific/Tongatapu"],
            ["Pacific/Truk", "Pacific/Truk"],
            ["Pacific/Wake", "Pacific/Wake"],
            ["Pacific/Wallis", "Pacific/Wallis"],
            ["Pacific/Yap", "Pacific/Yap"],
            ["Poland", "Poland"],
            ["Portugal", "Portugal"],
            ["Singapore", "Singapore"],
            ["Turkey", "Turkey"],
            ["US/Alaska", "US/Alaska"],
            ["US/Aleutian", "US/Aleutian"],
            ["US/Arizona", "US/Arizona"],
            ["US/East-Indiana", "US/East-Indiana"],
            ["US/Hawaii", "US/Hawaii"],
            ["US/Indiana-Starke", "US/Indiana-Starke"],
            ["US/Samoa", "US/Samoa"]
        ],
        "default": "UTC"
    },{
        "title": "Synced playback",
        "ui_width": 3,
        "name": "synced",
        "type": "boolean",
        "hint": "Start play list items synchronized on multiple devices (based on the global wall clock time)",
        "doc_link": true,
        "default": false
    }, {
        "title": "Play audio for videos",
        "ui_width": 3,
        "name": "audio",
        "type": "boolean",
        "hint": "Play audio for all videos",
        "doc_link": true,
        "default": false
    },  {
        "title": "Ken Burns effect for images",
        "ui_width": 6,
        "name": "kenburns",
        "type": "boolean",
        "hint": "Slowly pan and zoom displayed images using the Ken Burns effect",
        "doc_link": true,
        "default": false
    }, 

    {
        "title": "What to display",
        "type": "section"
    }, {
        "title": "Playlist",
        "name": "playlist",
        "type": "list",
        "itemname": "Item",
        "items": [{
            "title": "Asset",
            "ui_width": 4,
            "name": "file",
            "type": "resource",
            "valid": ["image", "video"],
            "default": "empty.png"
        }, {
            "title": "Duration",
            "ui_width": 2,
            "name": "duration",
            "type": "duration",
            "hint": "How long should this item be displayed on screen. For videos, use their duration",
            "default": 5
        }, {
            "title": "Start (incl)",
            "ui_width": 3,
            "name": "starts",
            "type": "date",
            "allow_empty": true,
            "hint": "When should the content first play? Leave empty to start scheduling this content immediately.",
            "default": ""
        }, {
            "title": "End (incl)",
            "ui_width": 3,
            "name": "ends",
            "type": "date",
            "allow_empty": true,
            "hint": "When should the content first play? Leave empty to play this content forever.",
            "default": ""
        }]
    }]
}
